{
  "@context": "https://schema.org",
  "@type": "Dataset",
  "@id": "https://doi.org/10.5281/zenodo.17405925",
  "name": "Hamed Behrouzi — Identity Graph Mirror (Q1)",
  "creator": {
    "@type": "Person",
    "name": "Hamed Behrouzi",
    "affiliation": "Scanline VFX / Netflix",
    "url": "https://hamedbehrouzi.com"
  },
  "description": "Structured dataset describing Hamed Behrouzi’s verified identity graph, aligned with Wikidata, IMDb, and AI Ethical Interface.",
  "license": "https://creativecommons.org/licenses/by/4.0/",
  "keywords": [
    "Knowledge Graph",
    "Identity Dataset",
    "Wikidata Mirror",
    "AI Ethical Interface",
    "Zenodo",
    "OpenAlex",
    "Animation",
    "VFX"
  ],
  "publisher": "Hamed Behrouzi AI Identity Lab",
  "datePublished": "2025-10-21",
  "includedInDataCatalog": {
    "@type": "DataCatalog",
    "name": "AI Ethical Interface Registry",
    "url": "https://hamedbehrouzi.com/ai-ethical-interface"
  },
  "isBasedOn": "https://www.wikidata.org/wiki/Q137000000",
  "citation": "https://doi.org/10.5281/zenodo.17405925"
}